{"cameraMode":{"drawMode":0,"name":"Shaded","section":"Shading Mode"},"sceneLighting":false,"audioPlay":false,"sceneViewState":{"showFog":true,"showMaterialUpdate":false,"showSkybox":false,"showFlares":true,"showImageEffects":true,"showParticleSystems":true},"in2DMode":false,"pivot":{"x":0.0018422603607177735,"y":3.911602020263672,"z":-37.56139373779297},"rotation":{"x":-0.3709557354450226,"y":0.4312065839767456,"z":-0.20053815841674806,"w":-0.7976452112197876},"size":3.4731476306915285,"orthographic":false}